Model,MAE,RMSE,R2
RandomForest,3.0874821918778586,6.223076042313629,0.9610766680183885
GradientBoosting,2.5959687567941088,6.360334330266376,0.9593407199360939
HistGradientBoosting,4.094798824310235,7.411127009820705,0.9447962847527496
Ridge,9.103383334121414,13.85310837321263,0.807116864104617
